,Open,High,Low,Close,Volume,SMA_7,SMA_30,EMA_12,EMA_26,MACD,MACD_Signal,MACD_Histogram,RSI,BB_Middle,BB_Upper,BB_Lower,Daily_Return,Log_Return,Volatility
2026-04-02,254.2,256.13,250.65,255.92,31289369.0,252.32571428571427,257.7916666666667,253.11153525119832,255.4752126458658,-2.3636773946674907,-3.146747882345843,0.7830704876783523,59.415584415584405,253.4105,261.7830603830859,245.0379396169141,0.0011344521378555683,0.00113380913328835,0.012528536939058237
2026-04-06,256.51,262.16,256.46,258.86,29329911.0,253.21714285714285,257.601,253.99591444332165,255.72593763506094,-1.730023191739292,-2.863402944224533,1.133379752485241,59.72938144329901,253.48049999999998,262.01741050981735,244.9435894901826,0.01148796498905913,0.011422479373029577,0.01257732988038407
2026-04-07,256.155,256.2,245.7,253.5,62148008.0,253.3042857142857,257.17833333333334,253.91961991357985,255.56105336579716,-1.6414334522173135,-2.619009045823089,0.9775755936057755,48.95684481280367,253.1615,261.15078301901326,245.17221698098675,-0.020706173221046176,-0.02092355198305429,0.013221839580522135
2026-04-08,258.45,259.7499,256.53,258.9,41032772.0,254.74714285714285,256.737,254.68583223456756,255.8083827461085,-1.1225505115409362,-2.3197173389666585,1.1971668274257223,62.40997229916896,253.065,260.70319074746993,245.42680925253003,0.02130177514792897,0.021078063726254075,0.014118409595568761
2026-04-09,259.0,261.12,256.07,260.49,28121574.0,256.72714285714284,256.279,255.57878112155717,256.1551692093597,-0.5763880878025418,-1.9710514887338353,1.3946634009312935,65.70416780168891,253.04899999999998,260.61992471582107,245.4780752841789,0.006141367323291069,0.006122585983171752,0.014191321071616837
2026-04-10,259.98,262.19,259.0231,260.48,31291473.0,257.68285714285713,255.86333333333332,256.33281479516376,256.4755270457034,-0.14271225053965964,-1.6053836410950002,1.4626713905553406,67.46853146853148,253.285,261.4802630733921,245.0897369266079,-3.838918960419324e-05,-3.838992648799145e-05,0.013439080558657538
2026-04-13,259.73,260.18,256.66,259.2,36234698.0,258.1928571428571,255.69733333333335,256.7739202112924,256.6773398571328,0.0965803541596415,-1.264990842044072,1.3615711962037136,61.49716671637335,253.73900000000003,262.1978014579645,245.28019854203558,-0.004914004914005066,-0.004926118336056001,0.012397903459973348
2026-04-14,259.245,261.93,257.19,258.83,48370710.0,258.60857142857145,255.50100000000003,257.0902401787859,256.83679616401184,0.2534440147740611,-0.9613038706804455,1.2147478854545066,60.65185185185183,254.0395,262.78305696619236,245.29594303380762,-0.001427469135802495,-0.0014284889404779955,0.012234323217992015
2026-04-15,258.16,266.56,257.81,266.43,49913510.0,259.69,255.59033333333335,258.52712630512656,257.54740385556653,0.979722449560029,-0.5730986066323507,1.5528210561923796,67.10428536041613,254.6495,265.0030673486052,244.2959326513948,0.029362902291079074,0.028940069400880748,0.013740828736816067
2026-04-16,266.8,267.16,261.27,263.4,43323112.0,261.1042857142857,255.61966666666666,259.2767991812609,257.98092949589494,1.2958696853659717,-0.19930494823268619,1.495174633598658,62.18409459772776,255.3225,266.1271381366132,244.5178618633868,-0.011372593176444235,-0.011437755629341895,0.013384341342007102
2026-04-17,266.96,272.3,266.72,270.23,61436228.0,262.72285714285715,255.951,260.9619069995285,258.8882680517546,2.0736389477738726,0.25528383096862556,1.818355116805247,73.35949422280349,256.38599999999997,268.64330699366053,244.1286930063394,0.025930144267274358,0.025599658921175095,0.014242792591597763
2026-04-20,270.33,274.275,270.29,273.05,36590169.0,264.51714285714286,256.47066666666666,262.8216136149856,259.93728523310614,2.8843283818794703,0.7810927411507945,2.1032356407286756,78.39638865004292,257.639,271.32297741501844,243.95502258498158,0.010435554897679777,0.010381480367807207,0.0141742136255864
2026-04-21,271.5,272.8,265.4,266.17,50209755.0,265.33,256.68033333333335,263.3367499819109,260.3989678084316,2.9377821734792633,1.2124306276164885,1.7253515458627748,63.38667820069202,258.373,272.2418292679359,244.5041707320641,-0.025196850393700787,-0.025519726208095544,0.015496144195331109
2026-04-22,267.82,273.74,266.87,273.17,43249204.0,267.3257142857143,257.09166666666664,264.84955767700154,261.34497019299226,3.504587484009278,1.6708619988950466,1.8337254851142313,67.06225680933849,259.4495,274.4166703545142,244.48232964548578,0.026298981853702497,0.025959109613794974,0.01633347499392855
2026-04-23,275.045,275.77,271.65,273.43,33399639.0,269.4114285714286,257.51233333333334,266.1696257266936,262.2401575861039,3.9294681405896768,2.1225832272339726,1.8068849133557041,67.04302121861005,260.49,276.32624357372396,244.6537564262761,0.0009517882637184449,0.0009513356004725754,0.016349991109093458
2026-04-24,272.755,273.06,269.65,271.06,38157110.0,270.0728571428572,258.02233333333334,266.92199099950994,262.89347924639253,4.028511753117414,2.503768932410661,1.5247428207067526,62.00787401574799,261.3985,277.48179538764714,245.31520461235286,-0.008667666313133204,-0.008705449016465009,0.016587972860979426
2026-04-27,266.09,268.36,265.07,267.61,41466762.0,270.6742857142857,258.60533333333336,267.02783853804686,263.2428511540672,3.784987383979683,2.7600126227244655,1.0249747612552174,64.43035385559418,262.33900000000006,277.4933884906754,247.18461150932475,-0.01272780934110529,-0.012809501824235157,0.016388457897910633
2026-04-28,272.335,273.23,268.66,270.71,40018940.0,270.74285714285713,259.20166666666665,267.5943249168089,263.795973290803,3.7983516260059105,2.9676804233807546,0.8306712026251559,62.674393646705276,263.543,277.19408223972687,249.89191776027315,0.011584021523859178,0.011517440437700144,0.01620125645594722
2026-04-29,267.55,271.04,267.04,270.17,30047869.0,270.3314285714286,259.733,267.9905826219152,264.26812341741015,3.7224592045050713,3.118636179605618,0.6038230248994534,60.6280193236715,264.36199999999997,277.5053643053502,251.21863569464972,-0.001994754534372478,-0.001996746706902992,0.015213527844210428
2026-04-30,270.5,276.0,268.14,271.35,91848230.0,271.07142857142856,260.44666666666666,268.5074160646975,264.79270686797236,3.7147091967251527,3.237850783029525,0.47685841369562754,61.635624063369725,265.148,277.9688836217362,252.32711637826387,0.004367620387163651,0.004358110014981894,0.015187186519182922
2026-05-01,278.855,287.22,278.37,280.14,79915442.0,272.06714285714287,261.486,270.29704436243634,265.92954339627073,4.367500966165608,3.463780819656742,0.9037201465088658,69.31021763187016,266.35900000000004,280.05537047580583,252.66262952419424,0.032393587617468134,0.03187997770148675,0.016524160733523145
2026-05-04,279.655,280.63,274.8601,276.83,46668401.0,272.55285714285714,262.44733333333335,271.30211446052306,266.7369846261766,4.565129834346465,3.6840506225946865,0.8810792117517781,65.74527641707488,267.25750000000005,281.23730479496277,253.27769520503736,-0.011815520811023106,-0.011885878837346778,0.01683605502642625
2026-05-05,276.925,284.57,276.501,284.18,49311712.0,274.4271428571429,263.537,273.2833276204426,268.0290598390524,5.254267781390183,3.9980940543537864,1.2561737270363968,65.59479880513092,268.7915,283.1431370238088,254.43986297619122,0.02655059061517906,0.02620424083637538,0.016574830060190816
2026-05-06,281.915,288.03,281.07,287.51,58336072.0,277.27000000000004,264.73266666666666,275.4720464480668,269.4720924435671,5.9999540044997275,4.398466044382975,1.6014879601167529,71.07149099807731,270.222,286.04981642020084,254.3941835797991,0.011717925258638795,0.011649802031270542,0.01623999935713396
2026-05-07,289.27,292.13,285.78,287.44,45224300.0,279.65999999999997,265.8933333333333,277.31327007144114,270.8030485588584,6.510221512582746,4.820817138022929,1.6894043745598166,67.05649157581766,271.5695,288.461737363887,254.67726263611306,-0.0002434697923550111,-0.00024349943593654784,0.016286911588076016
2026-05-08,290.01,294.76,290.0,293.32,52692761.0,282.96714285714285,267.24100000000004,279.77584390660405,272.4709708878318,7.304873018772241,5.317628314172792,1.9872447045994495,68.94038497477109,273.2115,291.85827454823317,254.5647254517668,0.020456443083773923,0.020250020420335392,0.01659117133847905
2026-05-11,291.979,293.88,290.23,292.68,42247285.0,286.0142857142857,268.70366666666666,281.7610986902034,273.9679360072517,7.793162682951731,5.81273518792858,1.980427495023151,78.04104082927867,274.8855,294.23404976205563,255.53695023794432,-0.002181917359879937,-0.0021843012097694796,0.016506881897827543
2026-05-12,292.56,295.27,292.56,294.8,45748129.0,288.10857142857145,270.3093333333333,283.7670835070952,275.51105185856636,8.256031648528847,6.301394480048634,1.9546371684802128,75.51309271054501,276.68399999999997,296.4316526519778,256.93634734802214,0.007243405767391131,0.0072172982993524365,0.016409001975857648
2026-05-13,293.5,300.92,293.5,298.87,52684260.0,291.25714285714287,271.812,286.09060912138824,277.2413443134874,8.849264807900852,6.810968545619078,2.038296262281774,77.5324675324676,278.30600000000004,299.76250621483797,256.8494937851621,0.013805970149253666,0.013711535921445313,0.015625933847908523
2026-05-14,299.82,300.45,295.38,298.21,35324922.0,293.26142857142855,273.23133333333334,287.9551307950208,278.79457806804385,9.16055272697696,7.280885381890655,1.8796673450863048,80.5124747134188,280.04650000000004,302.0522717548449,258.04072824515515,-0.0022083179977917533,-0.0022107599276822857,0.0152226549263128
2026-05-15,297.9,303.2,296.52,300.23,54862836.0,295.0785714285715,274.7083333333333,289.8435722111715,280.3823871000406,9.461185111130874,7.716945327738699,1.7442397833921746,87.87738039944269,281.54650000000004,304.7899097281249,258.3030902718752,0.006773750041916937,0.00675091127515786,0.014510847421963145
2026-05-18,300.24,300.66,294.91,297.84,34482959.0,296.5642857142857,276.00766666666664,291.0737918709912,281.67554361114867,9.398248259842546,8.05320591415947,1.3450423456830762,82.0306965761511,282.786,306.7542987122138,258.8177012877862,-0.0079605635679314,-0.007992418019641083,0.014754332213008505
2026-05-19,296.97,300.51,296.35,298.97,42243561.0,297.37142857142857,277.52333333333337,292.28859312160796,282.9566144547673,9.331978666840655,8.308960464695707,1.0230182021449483,83.53516534699574,284.42600000000004,308.0939453669886,260.7580546330115,0.0037939833467635076,0.003786804344227117,0.013008419282895253
2026-05-20,298.18,302.8,298.08,302.25,37307876.0,298.73857142857145,278.9683333333333,293.8211172567452,284.38575412478457,9.435363131960628,8.534240998148691,0.9011221338119366,84.30284191829476,285.88,310.20036357069006,261.55963642930993,0.010971000434826239,0.010911255586213623,0.01216816663651706
2026-05-21,301.055,305.54,300.4,304.99,42965126.0,300.19428571428574,280.45166666666665,295.53940690955363,285.9119945599857,9.62741234956792,8.752875268432538,0.8745370811353812,81.86714542190298,287.45799999999997,312.46291875822203,262.4530812417779,0.009065343258891634,0.009024499689761984,0.012156412326260246
2026-05-22,306.12,311.4,305.84,308.82,43670223.0,301.61571428571426,282.06300000000005,297.58257507731463,287.6088838518386,9.973691225476045,8.99703845984124,0.976652765634805,90.48342191850155,289.346,314.83518482725407,263.85681517274594,0.012557788779959944,0.012479593708054054,0.011770596817911644
2026-05-26,309.56,311.82,307.67,308.33,48000493.0,303.06142857142856,283.7006666666667,299.23602506542005,289.143781344295,10.092243721125044,9.216079512098002,0.8761642090270421,86.98315467075025,291.38199999999995,316.0528893872499,266.71111061275,-0.0015866848002072942,-0.0015879449176507568,0.011048880182481464
2026-05-27,308.33,313.26,308.3,310.85,50430919.0,304.5785714285715,285.43466666666666,301.02279043997083,290.7516493928658,10.271141047105061,9.427091819099413,0.8440492280056482,86.65201005025114,293.389,317.5036872913153,269.2743127086847,0.008173061330392972,0.00813984274027929,0.011003302552397377
2026-05-28,310.68,312.8,309.57,312.51,48220390.0,306.67428571428576,286.97066666666666,302.7900534492061,292.3633790674683,10.426674381737769,9.627008331627085,0.7996660501106838,87.49626084355356,295.50600000000003,318.4432970462848,272.5687029537153,0.005340196236126582,0.005325987949120409,0.010808448241446108
2026-05-29,311.775,315.0,309.53,312.06,70026752.0,308.5442857142857,288.5926666666667,304.2161990724052,293.8223880254336,10.393811046971564,9.78036887469598,0.6134421722755832,83.4642857142856,297.5415,318.6014417952919,276.48155820470805,-0.0014399539214744461,-0.001440991651430942,0.010969899519221758
2026-06-01,309.625,310.94,305.02,306.31,48849933.0,309.1242857142857,289.79533333333336,304.5383222920351,294.7473963198459,9.7909259721892,9.782480294194626,0.008445677994574297,70.58290546662631,298.85,318.5667115866086,279.1332884133914,-0.018425943728770156,-0.01859781597624946,0.010677316494501862
2026-06-02,307.46,315.45,306.685,315.2,44534716.0,310.5828571428571,291.2003333333333,306.1785804009528,296.2624039998573,9.91617640109547,9.809219515574796,0.10695688552067395,75.57673019057162,300.7685,318.86406883822616,282.6729311617739,0.02902288531226538,0.028609696946937397,0.01127523137806455
2026-06-03,314.175,316.94,308.85,310.26,50836705.0,310.7885714285714,292.67,306.8064911084985,297.2992629628309,9.507228145667625,9.748821241593362,-0.24159309592573663,63.97546012269933,302.07250000000005,318.8452069967861,285.299793003214,-0.015672588832487344,-0.015796702347538986,0.011290337181276672
2026-06-04,313.23,313.54,309.65,311.23,44869134.0,311.20285714285717,293.93866666666673,307.4870309379603,298.3311694100286,9.155861527931677,9.630229298861025,-0.4743677709293479,65.85484656600097,303.2585,319.0195382706362,287.49746172936386,0.0031264101076518003,0.0031215330500486893,0.011162377654660015
2026-06-05,312.86,315.17,307.15,307.34,65310502.0,310.70142857142855,295.069,307.4644107936587,298.99849019447095,8.465920599187768,9.397367558926373,-0.9314469597386044,58.280922431865754,304.2535,318.220244374445,290.286755625555,-0.012498795103299987,-0.012577562059047523,0.01173123794313608
2026-06-08,308.739,317.4,301.17,301.54,77949082.0,309.13428571428574,296.085,306.5529629792497,299.1867501800657,7.366212799183984,8.991136606977895,-1.6249238077939108,53.9922313336211,304.6645,317.7313362457682,291.59766375423175,-0.01887160799114973,-0.019051949276413717,0.012017492570318223
2026-06-09,300.275,300.75,287.78,290.55,70108847.0,306.0614285714286,296.8496666666667,304.0909686747497,298.5469909074683,5.543977767281433,8.301704839038603,-2.75772707175717,42.508896797153014,304.558,318.0634727308691,291.0525272691309,-0.0364462426212111,-0.03712699882965786,0.014704651189481813
2026-06-10,290.74,294.75,287.38,291.58,52793266.0,303.95714285714286,297.5453333333333,302.16620426324977,298.0309175069151,4.135286756334665,7.468421222497816,-3.333134466163151,40.11121408711768,304.39700000000005,318.45762827075873,290.33637172924136,0.0035450008604369643,0.003538732155561145,0.014628357357252493
2026-06-11,293.72,297.0,289.59,295.63,42572497.0,301.1614285714286,298.394,301.16063437659597,297.85307176566215,3.3075626109338145,6.636249500185016,-3.328686889251202,41.53094462540716,304.235,318.6343325868738,289.8356674131262,0.013889841552918725,0.013794261745732027,0.014632669679484149
2026-06-12,296.03,297.14,289.62,291.13,38784789.0,298.42857142857144,299.0533333333333,299.6174598571197,297.3550664496872,2.262393407432512,5.761478281634515,-3.499084874202003,34.185589129268735,303.881,319.2213683480113,288.54063165198863,-0.015221729865034006,-0.015338769612274147,0.015000041446239844
2026-06-15,294.12,297.78,291.7,296.42,45732573.0,296.3128571428571,299.59599999999995,299.12554295602433,297.28580226822885,1.8397406877954836,4.977130762866709,-3.1373900750712256,40.194302651078566,303.69050000000004,319.3137869039856,288.0672130960145,0.018170576718304687,0.01800746471863547,0.015522029166976837
2026-06-16,295.245,300.48,293.97,299.24,39874404.0,295.1557142857143,300.34299999999996,299.1431517320206,297.4305576557675,1.71259407625314,4.3242234255439955,-2.6116293492908556,40.488284450270335,303.7605,319.2856530715408,288.23534692845914,0.009513528102017332,0.00946855947543516,0.015573080297099128
2026-06-17,300.845,302.07,294.36,295.95,42745060.0,294.35714285714283,300.7353333333333,298.65189761940206,297.3208867183032,1.331010901098864,3.7255809206549695,-2.3945700195561055,36.78582827960422,303.60949999999997,319.3875213221475,287.83147867785243,-0.010994519449271545,-0.01105540586747018,0.015751034809375026
2026-06-18,298.11,300.57,295.62,298.01,85962201.0,295.42285714285714,301.0853333333333,298.55314413949407,297.3719321465771,1.1812119929169853,3.216707135107373,-2.0354951421903875,39.06955033452622,303.3975,319.36523440740103,287.4297655925989,0.006960635242439617,0.0069365218526251824,0.015623816594605336
2026-06-22,297.31,302.42,296.76,297.01,44879914.0,296.1985714285715,301.40433333333334,298.31573734880266,297.34512235794176,0.970614990860895,2.767488706258077,-1.796873715397182,42.18749999999999,302.9985,319.19583997004753,286.8011600299524,-0.0033555920942249795,-0.0033612347198123727,0.01546589977922128
2026-06-23,297.538,301.64,294.18,294.3,52010929.0,296.00857142857143,301.437,297.697931602833,297.119557738835,0.5783738639980243,2.329665737806067,-1.7512918738080425,30.408698912635955,302.2725,318.6715575788281,285.8734424211719,-0.009124271910036619,-0.00916615303011962,0.015207746276377004
2026-06-24,295.355,299.7,292.94,293.08,53081859.0,296.28714285714284,301.45033333333333,296.98748058701256,296.82033123966204,0.16714934735051656,1.897162459714957,-1.7300131123644404,32.68843208383717,301.51,318.1396741747374,284.88032582526256,-0.0041454298335033,-0.004154045947664044,0.015212237951996676
2026-06-25,287.4,288.8,273.75,275.15,107253659.0,293.2485714285714,300.7953333333333,293.6278681890106,295.2151215182056,-1.5872533291949935,1.2002793019329672,-2.7875326311279607,22.90477620907177,299.725,319.49996184040583,279.9500381595942,-0.061177835403302905,-0.06312920578599537,0.019863012673236004
2026-06-26,275.0,285.95,274.21,283.78,261775450.0,291.04,300.2923333333334,292.1128115445474,294.36807547982,-2.2552639352725805,0.5091706544918576,-2.7644345897644382,33.482893998878296,298.2885,318.32530537095954,278.25169462904046,0.03136471015809561,0.030882886573399503,0.021428206546815907
2026-06-29,286.73,288.3697,279.85,281.74,66427002.0,289.01,299.7433333333333,290.5169943838478,293.4326624813148,-2.9156680974670053,-0.17579709589991493,-2.7398710015670904,35.346358792184716,296.7725,317.00916799596644,276.5358320040335,-0.0071886672774683635,-0.007214630247006394,0.021422297217594147
2026-06-30,281.17,289.94,280.695,289.36,65100155.0,287.7742857142857,299.38100000000003,290.33899524787125,293.13098377899524,-2.791988531123991,-0.6990353829447302,-2.0929531481792605,49.07306434023992,295.925,315.89787160125013,275.9521283987499,0.027046212820330817,0.02668692781168173,0.022303488287420858
2026-07-01,293.44,296.59,289.195,294.38,50164232.0,287.3985714285714,299.2656666666666,290.9606882866603,293.2235034990697,-2.262815212409407,-1.0117913488376657,-1.2510238635717414,52.05338809034908,294.884,312.6783626791722,277.0896373208278,0.017348631462537956,0.017199862120598052,0.02157304082039275
2026-07-02,294.12,309.42,293.68,308.63,75400626.0,289.44571428571425,299.5876666666667,293.6790439348664,294.36472546210155,-0.6856815272351469,-0.946569384517162,0.26088785728201513,58.2929318703751,294.80249999999995,312.31300917532,277.2919908246799,0.048406821115564824,0.047271698660718856,0.024217432447037224
2026-07-06,307.36,314.2,307.0,312.66,53589977.0,292.24285714285713,299.9346666666667,296.59919102181004,295.7199309834274,0.8792600383826539,-0.5814034999371989,1.4606635383198527,63.81722500320885,294.874,312.67619075814815,277.0718092418519,0.013057706639017619,0.01297318972401872,0.024385769247707308
2026-07-07,315.29,315.48,310.15,310.66,42490002.0,297.3157142857143,300.1236666666667,298.76239240307007,296.8266027624328,1.9357896406372674,-0.0779648718223056,2.013754512459573,59.54167783436076,295.04,313.3852618291201,276.69473817087993,-0.006396724876863047,-0.006417271589417094,0.024252198207177653
2026-07-08,311.91,314.82,307.05,313.39,41323480.0,301.5457142857143,300.27599999999995,301.0127935718285,298.05352107632666,2.959272495501864,0.5294826016425284,2.4297898938593354,59.492821682543926,295.6325,315.5589826431144,275.7060173568856,0.008787742226227913,0.008749354748426186,0.0238556394974038
2026-07-09,310.51,316.53,308.16,316.22,48124490.0,306.4714285714286,300.539,303.35236379154725,299.399186181784,3.9531776097632587,1.2142216032666744,2.7389560064965845,63.68300256514111,296.916,318.68571957849576,275.14628042150423,0.009030281757554715,0.008989752573811856,0.022079128572072275
2026-07-10,314.72,316.91,312.17,315.32,34132321.0,310.17999999999995,300.68800000000005,305.1935385928477,300.5785057238741,4.615032868973572,1.894383856408054,2.7206490125655174,61.87079961596489,298.10299999999995,321.196303745778,275.0096962542219,-0.0028461197900196966,-0.002850177690291703,0.02213947752845332
2026-07-13,317.015,323.45,315.78,317.31,43257804.0,313.4557142857143,300.848,307.0576095785635,301.81787567025384,5.239733908309631,2.5634538667883695,2.6762800415212618,63.734776725304464,299.187,323.77827025250247,274.59572974749756,0.006311049092984966,0.006291217816363774,0.022028691689575393
2026-07-14,313.76,316.19,311.91,314.86,36336829.0,314.3457142857143,300.9413333333333,308.25797733570755,302.78395895393874,5.474018381768815,3.1455667697844585,2.3284516119843564,63.959804454101025,300.3735,325.6094069789985,275.13759302100146,-0.007721155967350457,-0.007751118421588184,0.021750304974546334
2026-07-15,317.615,328.73,317.32,327.5,60957644.0,316.46571428571434,301.6476666666667,311.2182885148295,304.6147768092025,6.603511705627,3.837155756952967,2.7663559486740326,70.23277686339055,301.92749999999995,329.82566358793144,274.02933641206846,0.040144826271993894,0.03935995948882367,0.023014003262543818
